Invoice,Text
0118002664_1,"Tax Invoice (ORIGINAL FOR RECIPIENT)
e oe BO Invoice No. oo Dated | |
e @ NTTF29/1718/1456 = 29-Mar-2018 |
| ih N TT - | Delivery Note Mode/Terms of Payment
| - NEFT/RTGS/ONLINE 4
Securing your Future with your own Hands Buyer's Order No. Dated
_NETTUR TECHNICAL TRAINING FOUNDATION 220001054 __ {24-Nov-2017
23/24, Il PHASE, PEENYA INDUSTRIAL AREA Meer
BANGALORE - 560058 0 1 1 - 0 as 6 mi AMARA RAJA BATTERIES LTD
KARNATAKA OU 02 04 | Survey no. 153/1, Renigunta, |
‘Company's PAN: AABCN1189R re nen
IN : 29AABCN1189R2Z | ~ ;
ot ee : - GSTIN/UIN : 37AABCA9264E1ZO
CIN: U85110KA1999NPL025461 en y yeiiea i eacleste Geode
‘Email : NTTFACTS@NTTF.CO.IN Shes af Sts ie: cn shoe A tage ones
Contact No: 080 - 65334123,9844389168 PE
‘Si | Description of Services HSN/SAC | Quantity Rate per | Amount
‘No. | ee a a
‘TRAINING FEES 999293 | 1,05,000.00
| Training Charges for conducting Automotive |
Electical training Programme on |
1. On 5th March 2018 - Kolkatta |
2. On 14th March 2018 — Gazhiabad |
_ | 3. On 19th March 2018 - Guwhati | |
|| Rs.35000 Per Day for 3 Days
IGST @ 18% | | 18,900.00
} | |
O3
| 668""
Ot: |
i Ege _4 |  1,23,900.00
| Amount Chargeable (in words) E.&O.E
INR One Lakh Twenty Three Thousand Nine Hundred Only
tS — HSN/SAC | Taxable Integrated Tax | Total ~
Ci, Value _| Rattle ""L Amount | Tax Amount |
Ea _._-._-999285..i (ss 1,05,000.00| 18%, 18,900.00 18,900.00.
| ian Total 1,05,000.00 18,900.00, 18,900.00
Tax Amount (in words) : INR Eighteen Thousand Nine Hundred Only
‘Reverse Charge Mechanism Applicable : No
|
/“\ \fainin-
Company's Bank Details Sy Er \
Bank Name : The Shamrao Vithal Co-Op. Bank Ltd. (India) for NETTUR TECHNICAL TRAINING FOUNDATION ©
A/c No. : 106120950000103 5 | |
IFS Code : $VCB0000061 = \ ]
| Branch : PEENYA BRANCH 4, Authorised: Signatory
a a ae sensei : —>* . ee ee
gaiv'"
0118054857_1,"vi | '
mw). TAX INVOICE
i (Issued under Rule 7 & Section 31 of CGST Act, 2017) ORIGINAL FOR RECIPIENT -
AXIOM EV PRODUCTS PVT. LTD. |
Plot No. 70,71, Road No. 3, Phase |, 1.D.A., Cherlapally, ®
Hyderabad - 500 040, Telangana, India. Ir .
Tel : +91 40 2726 0555, Email :info@axiomevproducts.com - AXIOM |
Website : www.axiomevproducts.com ar
CIN No. - U74900TG2012PTC084590 = |
GSTIN No. : 36AALCA1548D1ZV 11805485/7
PAN : AALCA1548D
Consignee 3 GST INVOICE NO. Invoice Date: |
AMARA RAJA BATTERIES LTD - Haryana 2018-19/898 24-09-2018 :
Village dhumaspur 165/2/2/2/2,9/11 Buyer's Order No.
Haryana 122102 1300007708
India
Contact Phn. No: Despatch Document No. |
GSTI No: - State Code:06 EVSS/2018-19/763
Buyer (if Other than Consignee) Transporter Destination I
AMARA RAJA BATTERIES LTD - Haryana GATI LTD .
Village dhumaspur 165/2/2/2/2,9/11 Date & Time of Issue of Invoice Motor Vehicle No. '
paar 122102 24-09-2018 at 14:40:00 AP28U6915 | .
nda
Date & Time of Removal of Goods __| Gross Weight .
24-09-2018 at 18:00:00 97.50
State Code: 06 Net Weight |
GST! No: 06AABCA9264E2ZS 0.00 |
Whether the tax is payable on reverse wharge basis : , |
> Product Code Description Of Goods & Services HSN / SAC Qty UOM Amount qj
No CODE |
a es ls cl sh NetAssessable Value] | 1050.00]
|
| Grand Total: 121953.00
Grand Total (in words): Rupee One Lakh Twenty One Thousand Nine Hundred Fifty Three And Zero . |
Remarks - REF:08 CARTON BOXES (07X 04)01 BOX CONNECTORS DC PIN AXIOM LOGO WITH SB-50 CONNECTOR AS PER |
'_MAHINDRA PROFILE.WEIGHT:98KG'S
Comments - MR:DILEEP /7013332306. ¢
(VWugo No:— 50002] 792.3
Payment Terms : Payment - 15 Days credit from the date of Delivery/Invoice . A
| Do C- Vi 4/16 /2olP |
. $3 i
(7 a |
| 5 |
S|
Z eos —————_ |
Declaration: 1. /We Declare that th h | h Wa 4 we ~a48
eclaration: 1. € Declare that this invoice shows actual price of the AX IP DUC > pip "" a
Goods / Services described and the particulars are true For lOM — T oF ‘z 4
and correct. “= ~
2. Supply of Goods / Services in this Invoice shall be fh cy rf)
subjected to the jurisdiction of Hyderabad. Prep by . als ai Lie AY <7. © |
. WY Ag S77 i
AEPF/ACC-INV/960/01 —"
0118123050_1,"Invoi¢e cum Delivery Challan ISO 9001:2015 Certified Company
‘ Sreenidhi Raja Packing Solutions Pvt. Ltd.
Unit 1 - Reg. Off. & Mfg. Facilities: Shed no.4, IDA, Gajulmandyam, Chittor (Dist) A.P. 517520
0 sreenidhiraja.pspla@gmail.com lie
o srinidhiraja2O06@gmail.com Soo ON Selanne
SREENIDHI RAJA Pan No - AAPCS8924D_ —_GSTIN - 37AAPCS8924D1ZX State - Andra Pradesh )
| We help you go places State Code - 37 CIN No - U25202AP2011PTC072765 ;
9119123088
| Tee laveles (ORIGINAL FOR RECIPIENT)
Sreenidhi Raja Packing Solutions Pvt Ltd (Unit-ll) Invoice No. Dated
AR Galla Fe hee bd fennel SRPSPL-ARG/0626 __|8-Dec-2018
Vi r a anda . ee
Srikalanasti-ei7644 Delivery Note
GSTIN/UIN: OO ene i a
dhra Prad , Code: tr cine
Pel neentiitacrsciaameicam Supplier's Ref. Other Reference(s)
Buyer ; 626 ae OC
Amara Raja Batteries Ltd . Buyer's Order No. Dated
IBD PLANT il 1100093793 1-Dec-2018
BANGARUEALYANT Despatch DociiantNo. |Dellvery Nets Date
CHITTOOR
_ | PIN-517416 a Sa ee as
GSTIN/UIN - 37AABCA9264E1Z0 Despatched through Destination
State Name : Andhra Pradesh, Code: 37 ie ae _
Bill of Lading/LR-RR No. | Motor Vehicle No.
eee JAPOSYSSO2°—
SI| No. & Kind Description of . HSN/SAC| Part No. | Quantity Rate per Amount
No] of Pkgs. | Gods
| 1 54 910X780X6MM CORRUGATED SHEETS a 897-014-00240| 810 nos 24.51| nos 19,853.10
|
Amy 2 fre
SS ;
&
OG
Total] ais eee eBdO es _|% 19,853.10
Amount Chargeable (in words) . ES O°E
INR Nineteen Thousand Eight Hundred Fifty Three and Ten paise Only
HSN/SAC PS ee AEE S| Taxable
Value
_ Total} 19,853.10
Tax Amount (in words) : NIL ;
Declaration ‘ for Sreenidhi Raja Packing Solutions Pvt Ltd =i
We declare that this invoice shows the actual price of the oD
goods described and that all particulars are true and correct. ce 4
Or Authorised Signato
This Is a Cornpuler Generated Invoice
Terms and Conditions
1. No claim against this invoice will be entertained unless brought to our notice in writing within 24 hours of receipt of this invoice.
2. If payment of the invoice is not received as agreed, delay payment charges will be charged @ 24% p.a
(SETS ES hp a CL De an a aa mL Ry Nw ao a RU re omasn eg ed Pangcris Seal aR AE ay age om Re Pe CE ft Lami Cah ENA Ig SL MOL PS FEED Je Se a rewire"
0118123050_2,"| | s
| ©
| iG ) “ENTRY gi.No: ——~ See %
| e OLDE NUE. coun: = *
x Bg GURITY CHECKED IM Fy
. : hd LSC 57 De }
= 5 . Sec.Emp.Coc A ASS
| OS os Ay WY ‘ |
| ~~ SANGARLIPALEN
| ‘
| |
| | |
."
0118123050_3,"Invoice cum Delivery Challan ISO 9001:2015 Certified Company
Sreenidhi Raja Packing Solutions Pvt. Ltd. |
: Unit 1 - Reg. Off. & Mfg. Facilities: Sned no.4, IDA, Gajulmandyam, Chittor (Dist) A.P. 517520
0 sreenidhiraja.pspla@gmail.com ee
o srinidhiraja2O06@gmail.com 9959 900:789), 9581 442 755
SREENIDHI RAJA Pan No - AAPCS8924D _—_GSTIN - 37AAPCS8924D1ZX State - Andra Pradesh
We help you go places State Code- 37 CIN No - U25202AP2011PTC072765
Tax Invoice (DUPLICATE FOR TRANSPORTER)
. . - .- . e ~ . , $$$
Sreenidhi Raja Packing Solutions Pvt Ltd (Unit-Il) Invoice No Dated
AR Galla Industrial ete niet nes esl SRPSPL-ARG/0626 _ _/|8-Dec-2018 __ |
| Secale eb it FeancitomtMancial | Delivery Note
GSTIN/UIN: 37AAPCS8924D1ZX
State Name: Andhra Pradesh, Code: 37 = a =
E-Mail : sreenidhiraja.pspl|@gmail.com oe Supplier's Ref. Other Reference(s)
Buyer 626
Amara Raja Batteries Ltd Buyer's Order No. Dated So
IBD PLANT II
1100093793 1-Dec-2018
I Ta a a ee 2 ee ee
BANGARU PALYAM: Despatch Document No. | Delivery Note Date
CHITTOOR
PIN-517416 of ________
GSTIN/UIN - 37AABCA9264E1Z0 | Despatched through Destination
State Name : Andhra Pradesh, Code : 37 Plame Someta cieetmeee ie fe
Bill of Lading/LR-RR No. | Motor Vehicle No.
seed a ee _ APO03Y3302 i
SI| No. & Kind Description of HSN/SAC | Part No. | Quantity Rate per Amount
No. _of Pkgs. — a 00S ee Emre ee neenranneratensnnesssemen anes npsnmeetpnanainitasintnmnnntanss
| 1 54 910X780X6MM CORRUGATED SHEETS |48191010 | 897-014-00240; 810 nos 24.51| nos 19,853.10
Ep Tees ss ai SSB 1O.nes| ___|% 19,853.10
Amount Chargeable (in words) E&OE
INR Nineteen Thousand Eight Hundred Fifty Three and Ten paise Only
Value
48191010 19,853.10
___ Total
Tax Amount (in words) : NIL = i
Declaration 2 for Sreenidhi Raja Packing Solutions Pvt Ltd (Unit-Il)
We declare that this invoice shows the actual price of the meat ne 5 :
‘|goods described and that all particulars are true and correct. Sa at’, ae
= _Aupic be sit
This is a Computer Generated Invoice | =a a
Terms and Conditions
1. No claim against this invoice will be entertained unless brought to our notice in writing within 24 hours of receipt of this invoice.
2. If payment of the invoice is not received as agreed, delay payment charges will be charged @ 24% p.a
aaa ae a a a a FN a I ae ee a ee ee re eer TTS"
0118123050_4,". = ai
A = a la A i ep ee sce
1
.
t . sy. Ki - ""4 ain ; _ - ae
va text pt ei, Vip i J y . TRL att witaviled) Cus Me i .
* \ 7 - -
' i ’ ‘ ~"" ‘ * - ‘ ""
} 4 Maes iS - i” rr 2 4 - -
Pens FF ibe Brass Bot F: ras rte . ‘ a
, : fs %.
r y ae 7 a : _ “ “"" 4 w ' ; o
7 ’ A¢ 2 ; _— 7 * ie ke ; ; . ~ : ‘ aie
ul} as ho UAV Sri ? eae Fo ; OM th TD oat ‘ a = 6
eee i +
«i i? /- .
: a more ee ot + 2 : . 7
. R - - . oe 2s 2 sibpi tt Hae) iB it cd {WsOls * , « -
‘ & » # lets € ‘ a fe b¢F ' - i «i
ety Gy Nap Ee Re es : ; ; Lo
7 an oe a Ti 5 sat t-, ' “ae
NODUBA Shs OOS ee untbiy *¢
Bs oat oe gt pet - J* pee ot js, ‘ ~ i 4 ga ; + 4248 7 i
Lyk eit etry ie . Af tj. Why iu ff 4 4 L fe bate Ae , ; L ea tg
_~ oes * t fcigrt c's <a - . :
/ ~W is Me it Uw SPEcSU -4 : c - ;
’
. %
0
.
‘
.
poe 3 ‘7 “T
a te 4 ole’
r - fe SH 5S - . “ * | “ .
* ? Pd , ts. 7 { ? y
: 4 i bs s4 s- eg 7
* et 7 ’ - 7 . tet?
. eihipes . : i re ¢teal
= ge - j fe gis
. F : ""ys - ‘ lee MEY
. - ‘
: “
' ‘
‘ i Yrs pare eat ‘ i eo4 }
' -
a. Pe * «
‘ : ; tJ cy t Ast 478"" ,
24 ’
x : ~ ~ » - R tf
SX ioe 4b ; aT 1 cian « 7
Ca leBhe Pade th ‘ 4
Tr | f . ‘ ns - - ‘
. - 4 ' ° ‘
e ; ot ITT tea
/ \ Pf Th heh Ea}.
rhe 7 eet | ‘ ; ial 7 ; ‘ :
: ‘ - » Neds ; ma ri Pet RY eee
‘ f 5 “Fr. 1
%  * - ‘ I = :
re - +> .
* ‘ .
.
- s : ‘ ‘
: ‘ . a 7 rs PU 4 - ‘
' P ‘ a tole i / ; -
. uw » a 4 :
‘ 7 %
bk -* side .
“ ‘ ;
ug Zé ri 2 - «if My 7 Ace it = th) ay
= 7 . : 2 os ’ c= rir es ; ~ : -
- *
y ; ‘
,
m — ®
-
m 1
1 . +
. 7
* K
: :
; ‘ .
: 2
; :
*
: ; - -
>
ms; . 5 he
] °
s , > ¥ -
qi ce ch a as “* 5 £ t ts
» em, - ¢ o*-& 5 t 7“, ? . ** - *
Sf.geoG EAs st H 3 art = .
. %
ahr : en are ep on el a - = 7 pena 7 a — + . oe pemees ee nam pace
. =n iat o~ . + > bmn J
: . “ . * x . * +
a. “ * *
7 ""eee Pee ; z
: “ ==> 5 ~ ae <r = os = eF es wo & + - #ee eo =
"" ‘ :
: ‘
m - ""= -
: : ie - 7 =e os a
4 “ ¥ = i
: + = -
/ Ee
ots : -
=
,
: A . pest eben ges cote geste, dee
.
. - 7 é
.
- i, eae ite Tee Gee eae inaipies een 5 einer 6: Tae ees aie as >. Wlatinly dee aceatl
. ; C ;
= ee a ninanlby mites —— _ rn - — - — eS eS eee eee an eS ed eta dak, split Dini ett ats einaitlaslglig —eaipttes tle tnletannttiattitnt. ee '
; RE a SSSorty Iw saree ce st ps es =s as ess = <25 sh,
= S=———— SS = e SS EEE = ——————————————————————————————— —=—== See —— — ee = = = ss
® .
- * £ - - ‘
Sa Se — el ~ ne = a ——— ee eases ies alia Ten Sega eines saiaionie eee i — ae eaciaiios “
. ;
.
= ‘ 7 x 2 = ;
o ——E Neen nee eens eee ae sss SSS. eS
ast ;
: : r
‘
z — -— ; - 7 — ; —""| z ; ome 7 = ‘ ; ; 4 ; ot
7 . a + . + - oe"" — * =
_ ae 5 a ee ee ee oe a ig a pe ee —_——-“— =
Zila Sasliivi’ £:8= Zoirios
/ - = eee = - ee ae Poe i = - ; 7 a ;

_ Se a set to scion 28 vn im ey Se Pe Ss SSeS St es Seri gett gains pies gee
apc gen eS a as ep aaa A ge sc l  ac pe eae ea ag oe eg  eIa clagiemeaS = SURF a mene eae eae mata Aparna a ese meee eee pee aoe met ee a tee peal iin enema
a 7 = a = 7 = ere ee eee -. SS Se ome sea ares a ee a a roe a = oo ae ee ae = eee Ser : ra ae = = ss aa = ~ —

cate 7 a Soa to a a te he a — tn tet in Die lim ats Sr cn i — Btn ts nents po ee em . presets esa aeeasss ss aa bw 4 at ow 4 5 = =f = :

———SSS = SS te St te Se te

I sa aa pea aaa a ema age chs mpeg ements na 6a pea ag a a eae i aa — ana eae ee eel oer oR Se Ee ee ishing —-arumint=as—Siemereanee ates

if eat et Ware OS 4 oa hee Re Se Ra es eo St at ee tes See 7 Zi zs ice : is ‘ 5 Sa eaboe e ‘ o aes i Z a i .
aed RAR SL ae tot Ta os SL Nar Decl ge al Pe naan nn AG AES eS ee SRS (Ree eS Se SAE ane PR ean nie EO ec en Paes Sa hag oa aa ames NR lk Oe EE or Sa dc age ee = ae Sa Sarre Ss we Le ass pin at a eoal Sd Ee a oak ti"
0118123055_1,"| : DON WOOD WORKS
~ % * PADAVARAD
OLLUR P.O., THRISSUR, KERALA
Phone: 9072856764, 9447056764 Email: shonepackers@gmail.com
TAX INVOICE - CREDIT State: Kerala State Code: 32
GSTIN No: 32ADUPT3331J1Z8 Vehicle No: TN 23 AK 3553
Invoice No: 350 E-Way Bill No: 5010 7158 4755
Invoice Date: 06-12-2018 Purchase Order No/Date: 1100093780/1-12-2018
Shipped To: AMARARAJA BATT
Customer Details: AMARARAJA BATTERIES LTD a RT 30 go
INDUSTRIAL BATTERY DIVISION PLANT -2 INDUSTRIAL BATTERY DIVISION PLANT -2
BANGARUPALAYAM,CHITOOR BANGARUPALAYAM,CHITOOR
State : Andhra Pradesh State Code : 37 State: State Code :
GSTIN No: 37AABCA9264E1Z0 |PhoneNo. __|GSTIN No: 37AABCA9264E120
SI a HSN Taxable Total
Description of Goods Rate
PACKING CASE WOOD SAWN -
OR CHIPPED sau
1 |27X3X1 (602-975-01023) 44079990 9500. 12.19|67045.00 18%] 12068.10] 79113.10
2 \eaea X 1.25 - (602-9851 sa979990| 1100: | 27.15]29865.00 18%|5375.70| 35240.70
3 3 2.5 - (602-904 | 44979990] 400 | 42.88|17152.00 18%|3087.36| 20239.36
4 camet X .75 (602-904 | 44979990] 500 | 12.86] 6430.00 18%|1157.40| 7587.40
5 eR 3.5 X 1.25 (602-985 | 44979990] 500 | 28.80) 1400.00 18%|2592.00| 16992,00
6 130X4X2.5 (602-904-65026) 44079990| 240 45.14] 10833.60 18%] 1950.05] 12783.65
7 130 X 4 X.75 (602-904-34026) 44079990 500 13.54] 6770.00 18%|1218.60| 7988.60
8 eon ) X 1.25 (602-985- | 44q79990] 750 | 23.70|17775.00 18%|3199.50| 20974.50
| 9 136 X 3 X 3 - ( 602-975-75030) 44079990; 500 48.75} 24375.00 18%] 4387.50] 28762.50
=OTAL ! 9909 | 104645,60 135036.21| 229681.81|
Invoice Value (In Words) Total Amount Before Tax ..  194645.60
Rupees Two Lakh Twenty Nine Thousand Six Hundred and Eighty Add : CGST = 98 cor fe fray 30.00)
Two Only madiscst |
Adds 1GST? «oe 35036.21
Electronic Reference Number : TOTAL GSiy~ Dae = 35036.21
Certified that the Particulars given above are true and correct Total Amount After Tax | / 229682.00
For DON WOOD W@
ON)
=
Authorized
GL
Epon x 0llb
(lint"
0118123055_2,"| re
| ’
| oo
|
|
TTER
ear sie wet SC
ey A
| | « \secuerryc EGKED IN|
A @ \:.. - : ff,
“oe NX Shgnetens: YS
|"
0118123055_3,"| DON WOOD WORKS
_ ""4 PADAVARAD
OLLUR P.O., THRISSUR, KERALA
: Phone: 9072856764, 9447056764 Email: shonepackers@gmail.com
TAX INVOICE - CREDIT State: Kerala State Code: 32
GSTIN No: 32ADUPT3331J1Z8 Vehicle No: TN 23 AK 3553
Invoice No: 350 E-Way Bill No: 5010 7158 4755
Invoice Date: 06-12-2018 Purchase Order No/Date: 1100093780/1-12-2018
Shipped To: AMARARAJA BATTERIES LTD
Customer Details: AMARARAJA BATTERIES LTD 'PP
INDUSTRIAL BATTERY DIVISION PLANT -2 INDUSTRIAL BATTERY DIVISION PLANT -2
BANGARUPALAYAM,CHITOOR BANGARUPALAYAM,CHITOOR
State : Andhra Pradesh State Code : 37 State: CCC State Code :
SSTIN No: 37AABCA9264E1Z0 [Phone No. __—_—_|GSTIN No: 37AABCA9264E12O
Sl cael HSN Taxable Total
Description of Goods Rate
a emsmsenn | 2 | oS ff] re
PACKING CASE WOOD SAWN
OR CHIPPED ee
1 |27X3X1 (602-975-01023) 44079990| 5500-| 12.19)67045.00 18%|12068.10) 79113.10
2 SAE 3.5 X 1.25 - (602-985-| 44579999] 1100. | 27.15|29865.00 18%|5375.70| 35240.70
3 co) 2.5 - ( 602-904- | 44979990] 400, | 42.88]17152.00 18%|3087.36| 20239.36
4 ay all 440799901 500, | 12.86] 6430.00 18%|1157.40| 7587.40
5 ta 3.5 X 1.25 (602-985- | 449799901 500 | 28.80}14400.00 18%|2592.00| 16992.00
6 130 X 4 X 2.5 (602-904-65026) 44079990| 240 45.14] 10833.60 18%} 1950.05} 12783.65
7 |30X4X.75 (602-904-34026) 44079990} 500 13.54| 6770.00 18%]1218.60} 7988.60
8 pe X 1.25 (602-985- | 44979990 750 | 23.70|17775.00 18%|3199.50| 20974.50
| 9 136 X 3X3 -( 602-975-75030) 44079990| 500 48.75| 24375.00 18%|4387.50| 28762.50
fom soso] [masse] | |_| _|_35036.21] 2208.0
Invoice Value (In Words) Total Amount Before Tax 194645.60
Rupees Two Lakh Twenty Nine Thousand Six Hundred and Eighty Add:cGST. CCC
Two Only add:sest | 0
AddsIGSt eon 35036.21
Electronic Reference Number : MOTALGSIS stew 35036.21
Certified that the Particulars given above are true and correct Total Amount After Tax 229682.00
For DON WOOD WC
\ \
shored sig"
0118123055_4,"- ‘ a lap A — - me ER Race + witnisanillls
’
+
.
é / c /
.
on 2 5 2 »
’
‘
¢ - . - «
* t ‘+. :
4 ? = -
ay J 1 J : i m « —
* » sa"" ® ; : - ee ¢ -
‘ om i - 7 : tA 7 Nd - 4
: — a - ; . ‘*. » rat? 6
— 9 ¢ - . “ :
“ ‘ I 5 i 7 & ? bd « - ‘ * = — a
- a » : ‘ - é j ~
: ” . ins [ i 1 +
'
; : -, ‘eq }
< f ‘
. i . ; Zs =e
‘ i i 5
3 ry"" . 7
' Ay ro
2 : f ~T +, - ns -
s 7 - —_ ea
Niel . **
.
i 5 .
x
‘
. 2 ‘ - sted OFT ee"": *
j saat = . Tey TJ ' i
- ‘ - ° 5
i A) i
Ps ] ee ‘ea ; ;
‘ : . : 7 as ae — — a |
y “1 ‘- a
| ‘ ? : P ’ ’ a - 7
4 opr | SY yt) MAT or se 5
#
? j ° { oT Rg ul) pas '
L - 4 bed y 5 i }
Pa ~ £7 5 ee ; + * ; : |
j ~ + 7 ‘ \
: . - : . : : . ' t
- eth Lg 4 *.¥ .
- / . + . 4 “ ' d
i rd
a _
ae
: ™~
r
‘ .
a ae ae | ee ee é ‘ i { = Berta ‘
. 4
e
4 :
y x a : ‘ ea tt . ¥ -
4 . - se = ~ mE : se — +
' ad Lint, 8g lh ag : ” : y ’ - 1‘ - ose ne —
|!
é ‘ ‘ § 5 i 5
a
a pr fe _ :
4 . i , : + ’ : ¥ « i ee Oe - a — * 4 ye OF
a ater s .” ‘ :
‘
a —— * é «
: .
- ct j ‘ %
~ . : 4 « ‘ t ; , * « s
= - : e ¢ : x 3 b
- . i . ; + * °
— } ‘ { ; ‘ . é é § é 4 r
mel A A PN ~ — oe ~ - - —— - . - ~ - — te - - ~ - -_
-. a 4 .
: — -
as sr wusde = : : ‘ 7 = bb idenempeesy Ss 1p
+ eX — , = *
ri
$ ——_— = - ee = ~— _—
re = = ; ‘ ~ - . =F Sa »
Fy : '
sr rl -
.
. : .
: i .
-- ye ~ ne _ - —-— o—
4 en <
= ote tte - — A a “te
ee a : - ——s ne a ge - - — i gs gt 7 pe — —_ ~ = _— a. —
oe ‘ - ——* = see
- oe 7 a $ - it x <5 * 5 ets
. Se ew eS A ee ee ee + < . St je me
a ee
: : ~ a 5
Eee oo ee ne PSS ee ee CEE SSS SS SSS SS eS ee
“ eee he gS a te lies 7 ee
aa = eS ee « .
——— —_—_- — a a —_ a —— — _ —— —_—- - _ — — —.
# : ;
= ~ ~ ee a
—————$——___——_—____—_—— + - —_— ee —————-— oe ———$ Se — a z —— ——— _ ee = : = — =
= 6 Zz ag = = - - = = = -
es .
i = 7 — Z i . 7 ‘
7 z = om a ill - - . i ” = wr ‘
elk EE == — — ———_—__ --— - — _ = —_— —- — -- _——— a . re - —- = _
: = —— eS tie —— ia—anne ———— ——. as eras ar et - a —S SSS ee = — es =
= *"
0118123216_1,"| GST INVOICE we
/ | Pondy Oxides and Chemicals Limited POC LL
Smelter Division 1
| G17 to G19 & G30 to G32,Sipcot Industrial Park Mambakkam,Sriperumbudur-602105, Tamil Nadu, India
| ! ! (Under Rule 7 of GST Act, 2017) Original for Recipient
| | . , |
GSTIN Number/Unique ID 33AAACP5102D375 Transportation Mode: (Apply for Supply of Goods only) |
Veh.No: TN 34 A 1255
Tax is Payable On Reverse Charge:(Yes/No) |
Invoice No : SMD879 Place of Supply: Chittoor |
| Invoice Date: 10-12-2018 Despatch Through D Prakash Transport
Amended Date : |
Details of Receiver (Billed To) Details of Consignee (Shipped to) |
M/s. AMARA RAJA BATTERIES LIMITED M/s. AMARA RAJA BATTERIES LIMITED :
smal Battery “tla Unit I Small Battery Division Unit II |
unegundiapalll, Nunegundlapalli, Bangarupalyam, ee
| Bangarupalyam, | Chittoor - 517 416 0 L 1 O 1 2 3 2 1 b
| State Code: 37 | GSTIN Number: 2
_GSTIN Number: 37AABCA9264E1Z0 | poe ee,
Sl. Description HSN Code — Quantity Rate Taxable Value
___No of Goods a | | | in MT. per MT | in Rs.
1 Lead Calcium Tin (0.4%) Aluminium Alloy 78019930 19.770 165788 | 32,77,628.760 |
| | |
| | ha | |
| | D |
| | - A OO Vt
PO 2D | \ \y
| Total 32,77,628.760 —
‘Total Tax Payable Rs, 58997318 “a —  egst@ti(‘aU
| Rupees in words —— i ore se eT} — :
_ SGST |
| FIVE LAKIT LIGHTY NINE THOUSAND NINE HUNDRED AND SEVENTY cxsmasinannanecncessuciabessamegagges eT SUNN A Seok Paty .
THREE AND PAISE EIGHTEEN ONLY IGST@ig00 | - 5,89,973.180
| Invoice Value Rs. 38,67,602.00 ' re Freight | | hie | 3
| Rupees in words SS -Round off a | | 0.060 |
| THIRTY EIGHT LAKH SIXTY SEVEN THOUSAND SIX HUNDRED AND Ee, ree |
Two ont oo tivoice Total 38 67,602.000
| Amount of Tax Subject to Reverse Charge
| Certified that the Particulars given above are true and correct | Electronic Referene Number: |
""Kindly verify your GSTIN Noiscorrectornot,ifanychange | !
| inform us within 24 hours. "" !
Terms & Conditions For Pondy Oxides & Chemicals Limited —
1. Interest @ 18% per annum will be charyed on all bills If not pald !
by the due date.
2. Goods once sold cannot be taken back or exchanged for any reason. Y —
3. Goods are carefully checked and packed and are consigned at your risk, |
We are not responsible for any loss, damage or piliferage in transit. |
4. Subject to Chennai Jurisdiction only. Authorised Signatory
5. No rate difference will be accepted once goods delivered. Name: PREMJI GEORGE |
Designation: DEPUTY GENERAL MANAGER !"
0118123216_10,"- GST INVOICE | ae
. oO Pondy Oxides and Chemicals Limited pP ( Cc LL |
Smelter Division I ;
S| GI 7to G19 & G30 to G32,Sipcot Industrial Park Mambakkam,Sriperumbudur-6021 05, Tamil Nadu, India !
: (Under Rule 7 of GST Act, 2017) Original for Recipient |
a ct |
GSTIN Number/Unique ID 33AAACP5102D375 Transportation Mode: (Apply for Supply of Goods only) i
, Veh.No: TN 34 A 1255 |
Tax is Payable On Reverse Charge:(Yes/No) . |
InvoiceNo : SMD879 Place of Supply: Chittoor !
Invoice Date: 10-12-2018 Despatch Through D Prakash Transport |
PO No & Date 1100093782 / 01-12-2018 LR No & Date 5700 / 10-12-2018 |
Amended Date : !
Details of Receiver (Billed To) Details of Consignee (Shippedto) == |
M/S. AMARA RAJA BATTERIES LIMITED M/s. AMARA RAJA BATTERIES LIMITED |
Small Battery Division Unit II Small Battery Division Unit II !
Nunegundlapalli, Nunegundlapalli, Bangarupalyam,
Bangarupalyam, Chittoor - 517 416 |
State Code: 37 |
GSTIN Number: — 37AABCA9264E1Z0 _ a ee See, !
SI. Description HSN Code == Quantity | Rate | Taxable Value |
je NO JOR GO0dS a ee en eb MT | perMT ins.
| 1 Lead Calcium Tin (0.4%) Aluminium Alloy 7801 9930 | 19,770 | 165788 | 32,77,628.760 |
| | | | | 1 [i
| | | | | ! |
| | | | | | |
P| | | |
p | | | !
Total 32,77,628.760 |
a |
Total Tay Payable Rs. 5,89,9/3,18 CGST @ |
Rupees In words —-scst@!” ee
FIVE LAKH EIGHTY NINE THOUSAND NINE HUNDRED AND SEVENTY / _ _ sett cecntcccianieee-|
| THREE AND PAISE EIGHTEEN ONLY IGST @ 18.00 9/89,973.180 |
‘Invoice Value Rs. 38,67,602.00 Treight |
| Rupees in words - -Roundoff == titCtCSCSsSstsSStS 0.060 |
THIRTY EIGHT LAKH SIXTY SEVEN THOUSAND SIX HUNDRED AND 38,67,602.000 ©
[Toon vice Total | 38,67,602.000 |
| Amount of Tax Subject to Reverse Charge secittestetittecicameecnneerumramnaranecl
Certified that the Particulars given above are true and correct Electronic Referene Number: |
""Kindly verify your GSTIN No is correct or not _ if-any change ~ —_ a |
inform us within 24 hours, "" :
‘Terms & Conditions For Pondy Oxides & Chemicals Limited
1, Interest @ 18% per annum will be charged on all bills if not paid |
by the due date. |
2. Goods once sold cannot be taken back or exchanged for any reason. by, ~ |
3. Goods are carefully checked and packed and are consigned at your risk, c |
We are not responsible for any loss, datnage or plliferage in transit. |
4. Subject to Chennai Jurisdiction only. | Authorised Signatory
5. No rate difference will be accepted once goods delivered. Name: PREMJI GEORGE !
Designation: DEPUTY GENERAL MANAGER |"
0118123216_11,"gy GST INVOICE 7
. pO Pondy Oxides and Chemicals Limited POC LL
| Smelter Division I
SY G17 to G19 & G30 to G32,Sipcot Industrial Park Mambakkam,Sriperumbudur-602105,Tamil Nadu, India !
| (Under Rule 7 of GST Act, 2017) Original for Recipient |
_GSTIN Number/Unique ID 33AAACP5102D375 | Transportation Mode: (Apply for Supply of Goods only) i
; Veh.No: TN 34 A 1255
Tax is Payable On Reverse Charge:(Yes/No) |
Invoice No ; SMD879 Place of Supply: Chittoor !
| Invoice Date: 10-12-2018 Despatch Through D Prakash Transport |
| PO No & Date 1100093782 / 01-12-2018 LR No & Date 5700 / 10-12-2018
Amended Date : |
| Details of Receiver (Billed To) Details of Consignee (Shipped to) |
SO |e RR  __ ES)
M/s. AMARA RAJA BATTERIES LIMITED M/s. AMARA RAJA BATTERIES LIMITED
small Battery Division Unit II Small Battery Division Unit II
Nunegundlapalli, Nunegundlapalli, Bangarupalyam, |
Bangarupalyam, Chittoor - 517 416 |
Chittoor - 517 416 State Code: 37 |
State Code: 37 GSTIN Number: !
GSTIN Number: _37AABCA9264E120 |
Si. Description HSN Code Quantity | Rate | Taxable Value |
_ NoofGoods oe in MT, per MT | in Rs.
| 1 Lead Calcium Tin (0.4%) Aluminium Alloy 7801 9930 | 19.770 | 165788 | = 32,77,628.760, |
| | | | !
ee | | ! | |
! 1 | i . |
| | i | |
| | |
|
| : | | |
| | | | | | |
| | | | 7
| ! | | .
| | | | | | i
pT
Total 32,77,628.760 |
‘Total Tax Payable Rs, 5,89,973.18. CEST @ |
Rupees in words SGST @ |
FIVE LAKH EIGHTY NINE THOUSAND NINE HUNDRED AND SEVENTY cern ene ee eeere e
| THREE AND PAISE EIGHTEEN ONLY IGST @ 18.00 5,89,973.180 |
| ee a nafentth annie sees meee neeeseeenesne.|
' Invoice Value Rs. 38,67,602.00 Freight !
| Rupees in words — ""Roundoff.t~<CSsStststSS GD |
| THIRTY EIGHT LAKH SIXTY SEVEN THOUSAND SIX HUNDRED AND - 38 67.602.000
-TwO.oNLy 0 Invoice Total = 38,67,602.000
| Amount of Tax Subject to Reverse Charge 7
| Certified that the Particulars given above are true and correct Electronic Referene Number: |
""Kindly verify your GSTIN No is correct or not , if any change EEE :
inform us within 24 hours. "" !
oe |
Terms & Conditions For Pondy Oxides & Chemicals Limited |
1, Interest @ 18% per annum will be charged on all bills if not paid |
by the due date,
2. Goods once sold cannot be taken back or exchanged for any reason. WY) — L
| 3. Goods are carefully checked and packed and are consigned at your risk, c
We are not responsible for any loss, damage or piliferage in transit.
4, Subject to Chennai Jurisdiction only. | Authorised Signatory
5. No rate difference will be accepted once goods delivered. Name: PREMJI GEORGE i
Designation : DEPUTY GENERAL MANAGER |"
0118123216_2,"~ PONDY OXIDES & CHEMICALS LIMITED POCL”
| . Smelter Division
Ref: POCL /2018-19 — 528 10"" December 2018
M/S. Amara Raja Batteries Limited
Small Battery Division Unit — II
Nunegundlapalli, Bangarupalyam,
Chittoor — 517 416.
Andhra Pradesh.
GSTIN No: 37AABCA9264E1ZO
Dear Sir,
Sub: Supply Lead Calcium Aluminium Alloy
| We would like to inform you that we have dispatched the inaterial as per tne
| following details given below, please send our Payment as per the due date.
| a é
| 1 Name of the Product | Lead Caicium Tin (0.4%) Aluminium Alloy
| Purchase Order No | 1100092782, Dt.01.12.18
| 3 Invoice No. & Date SMD87&, Dt. 10.12.18
| 4 Qty. In Kgs 19,770k3s
Value in Rs. Rs. 38,67,G02/-
| 6 Transporter Name D Prakash Transport
| 7 5700
| 8 GSTIN No 33AAACP5102D3Z5
|
| Thanking you,
| 3
Yours faithfully,
| For Pondy Oxides & Chemicals Ltd., | |
|
OZ ,
| Authorised Signatory
| 98843 05818
| smd@pocl.co. In |
Encl: As above
BSI a™ Plot No : G17 - G19 & G30 - G32, SIPCOT Industrial Park, Sriperumputhur, Mampakkam,
Kancheepuram Dist - 602 105. Phone: +91 - 44 - 2716 8064; 2716 8065,
} Fax : +91 - 44 - 2716 8066, E-mail : info@pocl.co.in Web : www.pocl.co.in
| TIN No. : 33651681326 / CST No. : 764540 / 2003 - 2004
| CIN No. : L24294TN1995PLC030586"
0118123216_3,"Packing List
a Date fao.az.208 |
Product: (|0.4%Sn |
INVNo:  |smps79 |
INoofPcs: [813 Le
Qty:-(MT) 19.770 aa
Bundle No.
_Ecaisoo4 | 1 | 1017 )
po 1017
a 3
Po z
ee 5
as 6 1008
ee 7
es 8
ee ek: ee |
po 0 | 1007
pS 12
PS 13
| Pe 14
a 15
T1020
po T1042
pS 18
19
| POT AL
/ Se mb ; A)
>_/ SripekumbudyéAA4> |
A Sw eRe
| 1o-0*°
qb"
0118123216_4,"| — '
QmrEATIERIES Lrp |
fae “ENTRY SL. Nor SG
f SS ils, ee mmpencasmess Ag
[°7 wandllla UX meio
. * || SECURITY CHECKED tm |] * |
son Sec.2mp.Code Ho:.LaQ.0O7N Ay S |
| Ny * Signature: Bb oN,
| me ) Ce ee
| * a PARUIPALEN!,
MAZe
SG0-*—
207
foment
that 2"
0118123216_5,"| AMARA RAJA BATTERIES LIMITED.UNIT-II
Nunegundla Palli, Bangarupalyam,
Chittoor-517416, Andhra Pradeesh, India.
Ticket
Print Date 11/12/2018 08:53:19 AM
Transaction Number 6795
Truck Number TN34A1255
Product Code 00006 Product Name LEAD CALCIUM ALUMINIUM AL
Supplier Code 00012 Supplier Name PONDY OXIDE AND CHEMICALS
Transporter Code 00007 Transporter Name D PRAKASH TRANSPORT
Challan Number 879 Challan Date 10/12/2018 Challan Weight 19 770 kg
Miscellaneous
DeliveryNoteNumber
Shift A
Date In 11/12/2018 Time In 07:35:57 AM Gross Weight 28 750 kg
Date Out 11/12/2018 Time Out 08:53:14 AM Tare Weight 8930 kg
Net Weight 19820 kg
Operator Signature"
0118123216_6,"~~ ~~ ~ -
re s97727 FZ
So ifs aeorte =i
| a2 e2as5scu0q BIS
er SareVvranr
Qo” = O'S Oe 36/3
co sone te Sip
be’ Zz coo aie
Bo e20s08 2
Oso e532"" 6E6& ro
se 8&8 Co & @
— rr oO o —|5
=o 3 = | Sie
SS e N/5
is ™ S
o
— —
oo oo |
Ci
se
9 wodoo4 a
a ISSOF ot
a. -“SSee gS
es 5 ArdnsF =
~ ay o =
i 5 a
ns 7 an
Ao a
=I 5 > >
> B = a
—
= or >
5:
| QO PaD a 25
| Fois Sao
o =Qsc ee
| S BEY SE nT
| z 2 ae SE
s ! Ses 2 = 5 >
° oo THE DD
S 1 = ""ea z28 wo
| nM oO id 2 > do
icy Og’ S BES
S ys © Swe
= dq 5
2 SEA
° —~CUo? oS
om © pm
er eg ae Ss
ROSS Bo
eon. FSS
=> >O it
arn BBO
Ore a
| ca >
a =
a2rzZzZz os
QEaGS
aos,
SS Om
SS a
zc s
g= 3
> >
! a
6
xX
a
S
a"
0118123216_7,"D.PRAKASH TRANSPORT
Arakkonam to Kanchipuram Road, Arigalabadi Village, Via Takkolam, Arakkonam Taluk - 631 154 |
100 —- Cell: 9789218907, 9751761402, 9345446994 ‘i |
oNo : 9 | ae ‘eis , ahs a MOE oe eas Date :fo.1> A
Gonsignor wis Fords oNCiclos, hemitas, \ud Consignee M/S Rone Rare Betrevie, M49.
Giatlns. dro \elrr Sver Tod) Gerla Sralh Gabor Gisision yee ls |
anal aan | Sy Rercemsudiin -Gortos Wenea unde pally Gengoareteliian, heedy
Party's TIN PEO rods tslacsonee nee hse ee Party’s TIN BOO apc esciei to Cay ani ates |
| STINO oeesscsedeseseccesseesssssnneestinfens cece LOMTY NO... MAA et, Pod catia ate
f © yateeha ie ER OR
_ No.of: Naa ? Weight Rate Freight
| a cstne aie ee 12 athe M.Ton Kgs. Rs. Ps.| . Rs. Ps.}i
hyo ek ead Gdcium Shot FAN et ee te | aa
Pv. wo: SeDSTA Mjorr-te
PH: sep)». char es ean
ft One nitind ares :
i incclasab al Pathe |
SERVICE TAX 2.55% AFTER ABATEMENT OF |
7 GROSS AMOUNT PAYABLE................... IS
TO BE PAID EXTRA BY THE CONSIGNORY
ore consouren eRe TS
3 sorage, damage cased curngrrnat__OOGUMENT. NENTS""
TO/PAY/PAID/PAYMENT AT ARAKKONAM “ath hs . TOTAL :
I/We do hereby certify that I/We have satisfied myself / Ourselves that the description etc. of the goods tendered above aré correctly entered °
and I/We shall abide by the rules and conditions of the company as recorded on the reverse.
; : if —— For en TRANSAORT
Signature eee AE oD
paris (UNLOADING BY PARTY) = ="
0118123216_8,"| GST INVOICE ~~ ®
Pondy Oxides and Chemicals Limited POC | |
| Smelter Division I |
| G17 to G19 & G30 to G32,Sipcot Industrial Park Mambakkam,Sriperumbudur-602105, Tamil Nadu, India Duplicate for Tahaparien
(Under Rule 7 of GST Act, 2017) |
| ; ; Sonne ae :
| GSTIN Number/Unique ID 33AAACP5102D3Z5 bs ga Mode: (Apply for Supply of Goods only)
| Tax is Payable On Reverse Charge:(Yes/No) | Ney: ae see
‘Invoice No : SMD879 _ Place of Supply: Chittoor
| Invoice Date: 10-12-2018 | Despatch Through D Prakash Transport |
~PONo &Date 1100093782 / 01-12-2018 | LR No & Date 5700 / 10-12-2018 |
_Amended Date : |
| Details of Receiver (Billed To) Details of Consignee (Shipped to)
_M/s. AMARA RAJA BATTERIES LIMITED | M/s. AMARA RAJA BATTERIES LIMITED
| Small Battery Division Unit II _ Small Battery Division Unit I] |
| Nunegundlapalli, _ Nunegundlapalli, Bangarupalyam,
| Bangarupalyam, _ Chittoor - 517 416
| Chittoor - 517 416
| State Code:
| State Code: 37 ve bin ou
GSTIN Number: 37AABCA9264EiZ0 GSTIN Number: 37AABCA9Z264E1Z0 |
Sl. Description HSN Code | Quantity | Rate Taxable Value
| No of Goods | | in MT | per MT — in Rs.
1 Lead Calcium Tin (0.4%) Aluminium Alloy 78019930 19.770 165788 32,77,628.760 |
| | | | |
| | | | | |
| | | | |
|
| ' i
| Total 32,77,628.760
Pa ee ca re ce eae Read Roo Taig BE hah Ft Va Et en a “Ag te rere ge ai aoe an PL al ra
| Total Tax Payable Rs. 5,89,973.18 | CGST @ |
|
| Rupees in words ' ee a ss ggst@> | tines yd
| FIVE LAKH FIGHTY NINE THOUSAND NINEHUNDRED ANDSEVENTY | |
THREE AND PAISE EIGHTEEN ONLY IGST @ 18,00 5,89,973.180
| THYSIeeN/aIGE Rs. 38,67,602.00 > SERGI ssl ae
Rupees in words Round off - — ee Oboe
THIRTY EIGHT LAKH SIXTY SEVEN THOUSAND SIX HUNDRED AND Invoice Total 38.67,602.000 ~
Te ea hath a Nc ae oe ls ee ee ee | Shane ee
_ Amount of Tax Subject to Reverse Charge : cial ete
| Certified that the Particulars given above are true and correct | Electronic Referene Number:
""Kindly verify your GSTIN No is correct or not , if any change EO ae SONI eee en poe Ree Ye
‘inform us within 24 hours. "" |
‘Terms & Conditions oping ame inne Re |< uninenbayle Ua aie pee pera gerne es CHERNTERI LIMIT
1. Interest @ 18% per annum will be charged on all bills if not paid | |
by the due date. | =
2. Goods once sold cannot be taken back or exchanged for any reason. i) ae
3. Goods are carefully checked and packed and are consigned at your risk, | :
We dre nol responsible for any loss, damage or plliferage In transit.
4. Subject to Chennai Jurisdiction only. Authorised Signatory
5. No rate difference will be accepted once goods delivered. | Name: PREMJI GEORGE |
| Designation: = DEPUTY GENERAL MANAGER"
0118123216_9,"[eee ietetias en
i GST INVOICE eR
"" | ) Pondy Oxides and Chemicals Limited P OC LL
| | Smelter Division I
. | GI7 to G19 & G30 to G32,Sipcot Industrial Park Mambakkam,Sriperumbudur-602105, Tamil Nadu, India
| (Under Rule 7 of GST Act, 2017) Original for Recipient )
| GSTIN Number/Unique ID 33AAACP5102D375 Transportation Mode: (Apply for Supply of Goods only) :
. Veh.No: TN 34 A 1255
| Tax is Payable On Reverse Charge:(Yes/No) |
Invoice No : SMD879 Place of Supply: Chittoor |
Invoice Date: 10-12-2018 Despatch Through D Prakash Transport |
PO No & Date 1100093782 / 01-12-2018 LR No & Date 5700 / 10-12-2018
Amended Date : .
| Details of Receiver (Billed To) | Details of Consignee (Shipped to) |
Ee ge enna a eee
M/s. AMARA RAJA BATTERIES LIMITED M/s. AMARA RAJA BATTERIES LIMITED |
Small Battery Division Unit II Small Battery Division Unit II |
Nunegundlapalli, Nunegundlapalli, Bangarupalyam, |
Bangarupalyam, Chittoor - 517 416 |
State Code: 37 . |
| GSTIN Number: — 37AABCA9264E1zZ0 Le a TORO MO .
I S|. Description HSN Code | Quantity | Rate Taxable Value |
_ NoofGoods - cccccnrfeennaenmcae in MT per MT | IN Rs, |
1 Lead Calcium Tin (0.4%) Aluminium Alloy 78019930 19.770 | 165788 | 32,77,628.760, |
| | | |
! | | ! | | |
| | | | | ! |
|
Po : | i
,
| |
PO : |
; | | | !
p | | |
Total 32,77,628.760 |
‘Total Tax Payable Rs, -5,89,973.18. pCa @ !
t , * ee rn a ne cine coef
Rupees in words SGST @ !
FIVE LAKH EIGHTY NINE THOUSAND NINE HUNDRED AND SEVENTY en
| THREE AND PAISE EIGHTEEN ONLY IGST @ 18.00 5,89,973.180 |
| Invoice Value Rs. 38,67,602.00 Freight —_
| Rupees in words — ""Roundoff. S|ttt~=~CSstststSS 0G |
THIRTY EIGHT LAKH SIXTY SEVEN THOUSAND SIX HUNDRED AND OO 67.602.000 -
RRR Bo et sory seven Hou ucnonED A> Civic Total i 38676 a
Amount of Tax Subject to Reverse Charge
| Certified that the Particulars given above are true and correct Electronic Referene Number: |
""Kindly verify your GSTIN No is correct or not, ifany change A eee |
inform us within 24 hours. "" |
en es Oren ee eee Nene on eons eee Fe |
| Terms & Conditions For Pondy Oxides & Chemicals Limited _
| 1, Interest @ 18% per annum will be charged on all bills if not paid
| by the due date. |
2. Goods once sold cannot be taken back or exchanged for any reason. Y —f
3. Goods are carefully checked and packed and are consigned at your risk,
We are not responsible for any luss, damage or piliferage in transit.
4. Subject to Chennai Jurisdiction only. Authorised Signatory,
| 5. No rate difference will be accepted once goods delivered, Name: PREMJI GEORGE |
| Designation : DEPUTY GENERAL MANAGER }"
0118141590-Compltd_1,"9 aN
teal et
22/5
— @ =
5 3 (8
a2
x >
N
-~ @ |e — —
2s 1% x o~
SS gi Ls
Sw |o x °
+x N 3 oo
5 2 |g > =
a : © ood
fé ls s .
a 2 € cS
Oo °o od
eae t SIE vo
Sage Rix
oy a cS
| = =
o| = 2S
| £_ |
oo; 2
£| 32
c| s
=| 3 |
G9, SW |S S
ac o 4.|7 ot
5| 5 =
u| =
-
g| 2
sl Oo [A
a g oO)
iS illz
e| 2 |:
o = SN
El
=| § |e
a £ co
a a
s| = |e
a ee
vu w
a va co
She als
co _
ao
a
ro]
ee
uu
a a
ae
7s oc
al =
ee =
a c x >
=i 22 s\\ ¥8
> B\\ 58
= a
ca Oo
5 z 5
a = Go an
a
Coe
sgia
SS |s
> 8
a
=
a |x 7
io |> -
9 < x
= |2 =
gz a o Oo
a 7. ££ O
co wo wv WY
s 5 Sie
3 a ES
Ss 2 Lae §
R e \ So
. a
3 (5
Ee nN
3 8 3
Zz
S a
° So 3
a. D =
= s.
c
4 £
oO"
0118141590-Compltd_2,"Cc Poy, Tax Invoice (ORIGINAL FOR RECIPIENT)
“AUTC MARK Invoice No. e-Way Bill No. Dated |
|#76/1,Keerthi Complex | ScrS/3/18-19 24-Aug-2018 |

Bye Pass Road Delivery Note Mode/Terms of Payment
Hosur
| 9629979826 |__ : _ _
| GSTIN/UIN: 33AASFA0694A1ZP Supplier's Ref. | Other Reference(s)
State Name: Tamil Nadu, Code : 33 ‘MR:
| E-Mail : automarkhosur@yahoo. in / | Fuvers OndarN _MR:S.M.ASLAM(944466007) |
Consignee | uyer's Order No. Dated |
GRAVITA INDIA LIMITED .1900001391 24-Aug-2018
SY NO.NO.233/15 TO 233/30, Despatch Document No. Delivery Note Date
| TIRUTHANI ROAD ARC LIMITED
VIIAGE-ANANTHAPURAM, | I oe
PO-NARASINGARAYANIPETTAH Despatched through | Destination
| DISTRICT-CHITTOOR | _CHITTOOR.AP
| ANDHRAPRADESH Bill of Lading/LR-RR No. Motor Vehicle No. |
GSTIN/UIN > 37AAACG6753F1ZL ‘dt. 24-Auq-2018 KA01B30
State Name : Andhra Pradesh, Code : 37 —_- i So70
Buyer (if other than consignee)
AMARA RAJA BATTERIES LTD
KARAKAMBADI
TIRUPATHI
| ANDHARAPRADESH | |
| Coimbatore |
GSTIN/UIN : 37AABCA9264E1Z0 | : |
State Name : Andhra Pradesh, Code : 37 | |
|
SI) Description of Goods HSN/SAC Quantity Rate per Amount
No. | | | —
1 Scarp Batteries-2wr 85481090 | 1,040 KGS 4 89.89 | KGS 93,485.60
2 Scrap Batteries-4wr 85481090 | 6,500 KGS | 7 | KGS 6,10,545.00
| | | | 7,04,030.60
|
| IGST 1,26,725.51 |
| | Less: Round Off (-)0.11
| |
| | | | | |
| Total 7,540 KGS | ~ 8,30,756.00
Amount Chargeable (in words) - . E&OE
_INR Eight Lakh Thirty Thousand Seven Hundred Fifty Six Only
[ HSN/SAC | Taxable |  IntegratedTax | Total |
_Value__| Rate Amount | Tax Amount
/85481090 7,04,030.60 18%, 1,26,725.51 1,26,725.51
| Total 7,04,030.60 1,26,725.51  1,26,725.51.
—
| Tax Amount (in words) : INR One Lakh Twenty Six Thousand Seven Hundred Twenty Five and Fifty One
| paise Only |
‘Company's VATTIN _—_:: 33103365597 |
| Company's CST No. > 10647098/30.06.2010
Buyer's VAT TIN is
Buyer's CST No. i 8
Company's PAN : AASFA0694A
| Declaration for AUTOMARK
| We declare that this invoice shows the actual price of the ee QO * |
| goods described and that all particulars are true and correct. py . |
| | Yh 1! AuthyrigedSigtiatory
¥ vy o 5435
This transaction is generated from ATS. ae» We °5 ao
hy ce\\: 7"
0118141590-Compltd_3,"Print window https://mail.yahoo.com/d/folders/1/messages/23395
Subject: RE: conformation for scarp batteries
From: vishal.goel@gravitaindia.com
To: automarkhosur@yahoo.in
Date: Friday, 24 August, 2018, 6:41:00 PM IST
Ok
Warm Regards
Vishal Goel
(General Manager-Procurement)
Direct no. +91-141-4057352 | Mobile +91-9116610206
GRAVITA
From: Automark Hosur <automarkhosur@yahoo.in>
Sent: 24 August 2018 18:28
To: Vishal Goel <vishal.goel@gravitaindia.com>
Subject: conformation for scarp batteries
Dear sir:
we have loaded scarp batteries,and also attached the invoice copies
so pls conform to your side
Regards
Automark _
Hosur
1 of 2 24-08-2018, 18:41"
0118141590-Compltd_4,"3 :
om -
act N -
rah
ojos = i
~ a + 2
3 = 28 oa
z cere 4 e a s
le] @P ld » 9s SMBS | i
A s sla} 3 2 ¢)] £. § |
el] GN Ge GABP AR GAH
= £ aa ge ge 3 = &
8/s|sls ii oy sis 2 | 03 §
lel |slelgt]~ 28 - 282 e | §
2/=/28/§ S sat gut E =.” 3
“ISS SiEE/F 2 | FES Ps a
£
5 fa| 2
S ae ef
st E as
a 5 oak Zs
—_ se
Sf | ee} | a]
OG | .| s #23 2% 33
moisl = - pare. ef
apy 3) ot Fe gayi] o- [ee
m> |< 3 oases ie
ES el ly ete rE
< Vv © bi: ~ ,f23 28 a 2
mo | Z.215 76: a1) = ae
a =< qltihy = = a3] $oP grey
<= ajsito me EF ef] Be 48E2
cs Z\2 iu s 2 rh & Sed
wm | 22888, 24343 i] gyc fa""
Zl oR Ae 2) p_ S843
o oe ¥ e > °F oO
Bl, ‘gates : ~ *
qa [Ye S238 ee: =
2 3| 32 seis Je] i:
2] O18 Ger” < 2 5
q?]/ |2 =U 3 g) eg
Gi} FS - EM elF we
XN £ £ § S| > z
S: = © 23 “|i >
< eg 2
Bo em le| i
a
oO OF <"
0318001928_1,". TAX INVOICE (ORIGINAL FOR RECIPIENT)
DEVI ENTERPRISES (2018-19) | Invoice No. ‘Dated
-H.O. Flat .No. 307, Dharwada Towers, DE/RJY/18/0279 (§-Jun-2018 |
: Neger, So es ork Liisa Delivery Note Mode/Terms of Payment
PH NO:0883-6666930 : Rjy/292 \WITHIN 30 DAYS |
GSTIN/UIN: 37ADIPV8685P2Z4 Supplier's Ref. Other Reference(s)
State Name: Andhra Pradesh, Code : 37
Corals = Sales@devienterprises.net.in -| Buyer's Order No. Dated”
AMARA RAJA POWER SYSTEM LIMTED ee ealte-1 . . oe es
Karakambadi, Renigunta-Cuddapah Road, ae are nveen on Si pis conn tebe cera
TIRUPATI-517520, Phone:0877-2265000. = 5-Jun-201 8
GSTIN/UIN : 37AABCA9265F 1ZL Despatched through Destination
PAN/IT No >: AABCAS265F
State Name : Andhra Pradesh, Code : 37 Terms of Delivery 7 TT.
Buyer (if other than consignee) sr {} 3 1% G (}; 1 % 28
AMARA RAJA POWER SYSTEM LIMTED
_Karakambadi, Renigunta-Cuddapah Road, |
| TIRUPATI-517520,Phone:0877-2265000. | |
-GSTIN/UIN : 37AABCA9265F 1ZL |
‘PAN/IT No : AABCA9265F
State Name : Andhra Pradesh, Code : 37 |
S| Description of Goods HSN/SAC Quantity Rate per Disc. % Amount
No. ie. ha =
1 Eutectrode 1805 BARE - 1.6mm (GK18051) 83113010 5.00 Kg 6,650.00 Kg 5 % 31,587.50
(1.00 Pkt)
OUTPUT CGST @ 9% | 9% 2,842.88
| OUTPUT SGST@ 9% | 9 % 2,842.88
Less : Round sid | (-)0.26
| | | |
| | |
|
|
( a D> \\S \\
noe
\ | | , |
| |
Lk ic ie eke ftp es
| ad ig Total» eae | 5.00 Kg | _% 37,273.00
Amount Chargeable (in words) : ore E&OE
_INR Thirty Seven Thousand Two Hundred Seventy Three Only
Company's VAT TIN : 37580155278
Company's CST No. : 37580155278
Company's Service Tax No. : ADIPV8685PST001
Buyer's VAT TIN : 37430113476 ~
Company's PAN : ADIPV8685P for DEVI ENTERPR SES (2 118-19)
Declaration rr»
All disputes subject to Rajahmundry Jurisduction interest @22% PR 7, |
per annum will be charged on bills if not paid by due date. - i ut ig sad Bigna’ of; |
SUBJECT TO RAJAMAHENDRAVARAM JURISDICTION 2 Ln *
Ls Sy ee’ >
Vy, aa |
This is a Computer Generated Invoice MN WEIR"
0318001928_2,"' TAX INVOICE (DUPLICATE FOR TRANSPORTER)
DEVI ENTERPRISES (2018-19) | Invoice No. __ | Dated
.H.O. Flat .No. 307, Dharwada Towers, _DE/RJY/18/0279 __§-Jun-2018
Bay ye Datvery Note Mode/Teme of Paymen
PH.NO:0883-6666930 Rjy/292 ____ WITHIN 30 DAYS
GSTIN/UIN: 37ADIPV8685P2Z4 Supplier's Ref. Other Reference(s)
State Name: Andhra Pradesh, Code : 37
eden 2 Salee@dovienterprises.net.in —— | Buyers Order No. - ‘Dated -
AMARA RAJA POWER SYSTEM LIMTED eee emoaeast6-19 [Note 2et8 :
Karakambadi, Renigunta~-Cuddapah Road, Ryn SPORE CUO. very Note Date |
_TIRUPATI-517520,Phone:0877-2265000. | ____ 5-Jun-2018
-GSTIN/UIN : 37AABCA9265F 1ZL Despatched through Destination |
PAN/IT No : AABCA9265F |
State Name : Andhra Pradesh, Code : 37 ‘Terms of Delivery ‘i
Buyer (if other than consignee) il
AMARA RAJA POWER SYSTEM LIMTED
Karakambadi, Renigunta-Cuddapah Road,
TIRUPATI-517520, Phone:0877-2265000.
GSTIN/UIN : 37AABCA9265F 1ZL |
PAN/IT No : AABCA9265F | |
State Name : Andhra Pradesh, Code : 37 |
| | |
)| Description of Goods | HSN/SAG _ Quantity Rate -— per‘ Disc. % Amount
No.) | T= 4S |
1 Eutectrode 1805 BARE - 1.6mm (GK18051) 83113010 §.00Kg 6,650.00 Kg 5% 31,587.50
(1.00 Pkt)
OUTPUT CGST @ 9% 9% 2,842.88
OUTPUT SGST@ 9% 9% 2,842.88
Less : Round Off | | | (-)0.26
| | | |
4 | | | Bd ate |
oi | re
| | |
til i rom] | | |_[__|® 37,273.00.
Amount Chargeable (in words) mi). E.& OE
INR Thirty Seven Thousand Two Hundred Seventy Three Only
Company's VAT TIN : 37580155278
Company's CST No. : 37580155278
Company's Service Tax No. : ADIPV8685PST001 |
| Buyer's VAT TIN : 37430113476 » |
Company's PAN : ADIPV8685P [ . for DEVI ENTERPRISE 018- '
Declaration | SN etn, Ms
All disputes subject to Rajahmundry Jurisduction interest @22% | we Ey
per annum will be charged on bills ifnot paid bydue date. ' Authdrigegpignatory.
SUBJECT TO RAJAMAHENDRAVARAM JURISDICTION 2 ein |
This is a Computer Generated Invoice Uy eupRS"
0318001928_3,"as F
ae .
~ ¢ Bs >
f
‘
. ign
‘
*
het . “3 |
i ’
1
~ a
4 ’ !
-
*
A
sge-ie BL. , :
ee tery ae po SS Se =. ern
bo uy 4
atelier aa vara: 1
« “A fg"" wo Ng tne. I > ’
aor me: ef ¢ re ‘
fn SN
wie” Ey a SEs : ,
aN oe Ne
""* ‘%e Trendy, viel % “.
al f"" te V P89 eetengee re S Ds * :
lato * * - 4 cevdug ae tea 9 . ) !
prs re aS jet rT a : —~ . pre 5 |
¥ ; en bse se ; ; we, 7 ‘ ne 2 ‘e
\ tut rae oe cagentt Oot aa ow f
ah ey Te ace Wet Oe tem .
fi .9 Pat POON me es. F-): be Mextiwe: as ¥r
€x Py * hp Seeee ae tek a
Na afin TES Rhee ite ay soe @
SY pie ee ; ae )
* ont? ¢ ¥
“A ‘ ** i + bes O°
! Siieahnnmns ths esi \ SC $
| la
a
\ | i ‘ ty S"
0318001928_4,"L EVI ENTERPRISES GSTIN : 37ADIPV8685P2Z4
| . Flat No. 307, Dharwada Towers, T.Nagar, Rajamahendravaram - 533 101. A.P.
@ (©) 0883-6666930, Tele Fax : 0883-2466930, Cell : 93923 83961, 9440339406
B.O.: # 60-20-5, Near Amma Kalyanamandapam, | B.O. : D.No.27-4-1048/1, M.K. Villa,
Ashok Nagar, Sunnappu Battila Center,| RainbowStreet, Balaji Nagar Extn, NELLORE.
VIJAYAWADA - 500 010. Mob :9392383964/65 | Mob:9392383963/33
No.Riy S92 DELIVERY CHALLAN Date : _eleblors
Consignee : [V [s, . Customer Order No. Date: 05/06/2018:
P 0 [000282 [18-19 -
1 om ep aon Pee gee
SUPar)
SE] _____eesernowormens me
Eulectoode \805 BARE-lém™ \-6m 5. ky
Gk IG05)"
0318001928_5,"DEVI ENTERPRISES %"":270%vesesrzz4
Flat No. 307, Dharwada Towers, T. Nagar, Rajamahendravaram - 533 101. A.P.

@ (O) 0883-6666930, Tele Fax : 0883-2466930, Cell : 93923 83961, 9440339406
B.O.: # 60-20-5, Near Amma Kalyanamandapam, | B.O.:D.No.27-4-1048/1, M.K.Villa,
Ashok Nagar, Sunnappu Battila Center,|RainbowStreet, Balaji Nagar Extn, NELLORE.
VIJAYAWADA - 500 010. Mob : 9392383964/65 Mob:9392383963/33
No. Riy 292 CELIVERY CHALLAN Date : .....0. hriebore

Consignee: M [s . Customer Order No. Date: 9 5/06/20)%°

7 a Pi | 6 g | 4°
Tees ae oe Pe a ese
EL escnmnotornes idm |
Evtectoode \805 BARE-lém™ \:6mmm) 5 eo
GkIg05)
5 - las"
0318001928_6,"AMARARAJA POWER SYSTEMS LIMITED STR-SFS-02
GOODS RECEIPT NOTE
Supplementary GRN :: No OLD GR No::
Po No/Date :-PO/000282/18-19 16 May 2018 Grn Status: MOVED GRNNO/Date:GRN/001765/18-19 13/06/2018 PO-CATEGORY : GEN
Supplier Name:Devi Enter Prises(D0115) Invoice No/Date:279 05 Jun 2018 Excise Item NO
ee eat Paes Ee Insp- Stock ~ Quantity Unit Basic Excise Other Total
S.No Part No Item Description Wh. eatin appeal ak eaten ert
¥ Code type Uom Received Rejected Accepted Price Value Duty Charges Value
! 43161110101V STD - STD Vendor ARPWH Q KGS 5.000 0.000 5.000 6,650.00 33,250.00 0.00 4,023.26 37,273.26
___ Bracing Rod-copper-Eutectic 1805-1.5mm 3
Total:- 33,250.00 0.00 4,023.26 37,273.26
Purchase Movement to Store Freeze Acceptance Inspection Sent to SPC/SQC Freeze Receipts
Wits of Purchase: ARPSTR ARPSTR ARPSTR ARPSTR ARPSTR
Signature 14 Jun 2018 14/06/2018 10:18:50 14/06/2018 10:18:48 13/06/2018 17:27:53 13/06/2018 17:27:50
Inspection type:- N=None S=Self Q=Spce/Sqc User Id :- ARPSTR Date _:- 14/06/2018 10f1"
GST_INVOICE6_1_1,"Phone: (+1) 8884635254
To,
Canadian Legal Entity Date & Time of Removal 21/11/19 10:39
545 Robon St, Order No : 4500015190 Date: 12/11/2019
Vancouver BC - V6B2B7, Canada Transport: TRUCK Lr. No:
Ph NO: (+1) 8885698957 Vehicle No: GJ-10U-6948
VAT No : 24AACCG1322CIZF Total Box: LOOSE LR. No:
oP
Bank Details:
THE CO-OPERATIVE BANK OF RAJKOT LTD.
A/C NO: 0009120100000226 IFSC CODE: YESBORAJ009
BRANCH: NASANWAD1 MAIN ROAD, RAJKOT
Sub Total 5,000.00
VAT 1,400.00
GST Taxable |SGST |SGST CGST CGST {Total GST
Summay | Amom [~~ [anoun_| “| noun [on
GST @ 5,000 14 700 14 700 1,400
28.00%
mee"
GST_INVOICE6_2_1,"Phone: (+1) 8884635254
To,
Canadian Legal Entity Date & Time of Removal 21.11.19 10:39
545 Robon St, Order No : 4500015192 Date: 12.11.2019
Vancouver BC - V6B2B7, Canada Transport: TRUCK Lr. No:
Ph NO: (+1) 8885698957 Vehicle No: GJ-10U-6948
VAT No : 24AACCG1322CIZF Total Box: LOOSE LR. No:
oP
Bank Details:
THE CO-OPERATIVE BANK OF RAJKOT LTD.
A/C NO: 0009120100000226 IFSC CODE: YESBORAJ009
BRANCH: NASANWAD1 MAIN ROAD, RAJKOT
Sub Total 5,000.00
VAT 1,400.00
GST Taxable |SGST |SGST CGST CGST {Total GST
Summay | Amom [~~ [anoun_| “| noun [on
GST @ 5,000 14 700 14 700 1,400
28.00%
ee"
